"0","# install.packages(""glmnet"")"
"0","# install.packages(""ggplot2"")"
"0","# install.packages(""naniar"")"
"0","# install.packages(""OneR"")"
"0","# install.packages(""mice"")"
"0","# install.packages(""plotmo"")"
"0","library(glmnet) # Load glmnet for lasso"
"0","library(ggplot2) # Load ggplot2 for visualizations"
"0","library(naniar) # Load nanair for missing data visualization"
"0","library(OneR) # Load OneR for binning function"
"0","library(mice) # Load mice for missing data inputation"
"0","library(plotmo) # for plot_glmnet for lasso visualization"
